Airframe,bay_id_mm,body_od_mm,body_id_mm,shoulder_len_mm,usable_per_segment_mm,mount_od_mm,bay_len_mm
M13-BT5,13.4,15.8,13.4,12.0,183.0,,40
M13-BT20,13.4,18.7,16.3,14.0,181.0,15.8,40
M18-BT20,18.4,20.8,18.4,15.6,179.4,,62
M18-BT50,18.4,24.8,22.4,18.6,176.4,20.8,62
M18-BT55,18.4,33.7,31.3,25.3,169.7,20.8,62
M24-BT50,24.4,26.8,24.4,20.1,174.9,,60
M24-BT55,24.4,33.7,31.3,25.3,169.7,26.8,60
M24-BT60,24.4,41.6,39.2,31.2,163.8,26.8,60
M24L-BT50,24.4,26.8,24.4,20.1,174.9,,85
M24L-BT60,24.4,41.6,39.2,31.2,163.8,26.8,85
M29-29T,29.4,31.8,29.4,23.8,171.2,,104
M29-BT60,29.4,41.6,39.2,31.2,163.8,31.8,104
M29-BT80,29.4,66.0,63.6,49.5,145.5,31.8,104
