code,size,cls,impulse_ns,avg_thrust_n,peak_thrust_n,burn_s,prop_g,mass_g,delays,out_of_production,mass_estimated
1/4A3,M13,1/4A,0.59,2.36,4.95,0.25,0.83,6.1,3,,
1/2A3,M13,1/2A,1.09,3.03,7.62,0.36,2.0,6.6,2 4,,
A10,M13,A,1.88,1.78,9.74,1.06,3.6,7.0,3,,
A3,M13,A,2.22,2.2,5.83,1.01,3.3,8.5,2 4 6,,
1/2A6,M18,1/2A,1.13,3.42,7.86,0.33,2.6,15.5,2,,yes
A8,M18,A,2.5,3.18,9.73,0.73,3.3,16.3,3 5,,
B6,M18,B,4.33,5.03,12.14,0.86,5.6,19.1,2 4 6,,
B4,M18,B,5.0,4.17,12.75,1.03,6.0,18.9,2 4 6,,
C5,M18,C,7.79,3.91,20.41,1.99,11.3,24.8,3,,
C6,M18,C,8.82,4.74,14.09,1.86,10.8,24.1,3 5 7,,
C11,M24,C,8.8,10.86,21.73,0.81,12.0,35.2,3 5 7,,
D12,M24,D,16.84,10.21,29.73,1.65,21.1,44.0,3 5 7,,
E9,M24L,E,27.87,9.02,,3.09,35.8,58.0,4 6 8,yes,
E12,M24L,E,27.24,11.17,,2.44,35.9,58.7,4 6 8,yes,
E16,M29,E,33.38,15.97,26.44,2.09,40.0,84.0,4 6 8,,
F15,M29,F,49.61,14.38,25.26,3.45,60.0,102.0,4 6 8,,
